{"cameraMode":{"drawMode":0,"name":"Shaded","section":"Shading Mode"},"sceneLighting":false,"audioPlay":false,"sceneViewState":{"m_AlwaysRefresh":false,"showFog":true,"showSkybox":false,"showFlares":true,"showImageEffects":true,"showParticleSystems":true,"showVisualEffectGraphs":true,"m_FxEnabled":true},"in2DMode":false,"pivot":{"x":-0.0721902847290039,"y":-0.18117237091064454,"z":0.07721781730651856},"rotation":{"x":-0.04970934987068176,"y":0.26695314049720766,"z":-0.01379079557955265,"w":-0.9623363614082336},"size":4.983587741851807,"orthographic":false}